,0
0,CZCE.SF212
1,CZCE.MA305
2,CZCE.RM205
3,CZCE.ZC304
4,CZCE.JR301
5,CZCE.SM212
6,CZCE.SA202
7,CZCE.SF305
8,CZCE.PF110
9,CZCE.RI209
10,CZCE.LR203
11,CZCE.OI303
12,CZCE.MA212
13,CZCE.CF107
14,CZCE.CY108
15,CZCE.TA102
16,CZCE.JR211
17,CZCE.SR301
18,CZCE.PF308
19,CZCE.SA307
20,CZCE.SA107
21,CZCE.MA211
22,CZCE.SF106
23,CZCE.CJ309
24,CZCE.MA012
25,CZCE.MA110
26,CZCE.FG305
27,CZCE.CY212
28,CZCE.SF303
29,CZCE.MA203
30,CZCE.ZC206
31,CZCE.TA306
32,CZCE.MA010
33,CZCE.AP011
34,CZCE.CY210
35,CZCE.MA308
36,CZCE.SR103
37,CZCE.RM203
38,CZCE.CY307
39,CZCE.UR210
40,CZCE.ZC111
41,CZCE.SA102
42,CZCE.ZC305
43,CZCE.OI107
44,CZCE.FG112
45,CZCE.WH111
46,CZCE.SF105
47,CZCE.FG202
48,CZCE.SM306
49,CZCE.FG106
50,CZCE.SF209
51,CZCE.RM307
52,CZCE.OI309
53,CZCE.MA205
54,CZCE.RM211
55,CZCE.MA301
56,CZCE.SA201
57,CZCE.ZC102
58,CZCE.MA304
59,CZCE.PF303
60,CZCE.MA108
61,CZCE.AP301
62,CZCE.TA103
63,CZCE.PF309
64,CZCE.SF107
65,CZCE.TA210
66,CZCE.SA101
67,CZCE.ZC205
68,CZCE.ZC303
69,CZCE.PM207
70,CZCE.SF301
71,CZCE.SM201
72,CZCE.MA104
73,CZCE.CY106
74,CZCE.TA012
75,CZCE.PM203
76,CZCE.TA011
77,CZCE.RM305
78,CZCE.JR305
79,CZCE.WH205
80,CZCE.AP303
81,CZCE.WH105
82,CZCE.FG105
83,CZCE.PK304
84,CZCE.RM111
85,CZCE.AP203
86,CZCE.CJ201
87,CZCE.FG206
88,CZCE.SM104
89,CZCE.UR204
90,CZCE.CF305
91,CZCE.SF309
92,CZCE.RI103
93,CZCE.CJ012
94,CZCE.ZC109
95,CZCE.AP110
96,CZCE.SF202
97,CZCE.PF307
98,CZCE.UR112
99,CZCE.CY207
100,CZCE.WH101
101,CZCE.CJ307
102,CZCE.CJ205
103,CZCE.FG103
104,CZCE.UR110
105,CZCE.UR205
106,CZCE.PM011
107,CZCE.PM111
108,CZCE.MA102
109,CZCE.SM210
110,CZCE.CY305
111,CZCE.CJ107
112,CZCE.PK212
113,CZCE.PF212
114,CZCE.SM204
115,CZCE.ZC207
116,CZCE.SF306
117,CZCE.SM205
118,CZCE.OI103
119,CZCE.WH107
120,CZCE.SF210
121,CZCE.CJ209
122,CZCE.RM109
123,CZCE.ZC302
124,CZCE.SM209
125,CZCE.CF301
126,CZCE.RS011
127,CZCE.TA101
128,CZCE.UR108
129,CZCE.PK203
130,CZCE.PM309
131,CZCE.UR207
132,CZCE.CY010
133,CZCE.JR105
134,CZCE.ZC105
135,CZCE.UR301
136,CZCE.SM305
137,CZCE.OI109
138,CZCE.SF109
139,CZCE.PK110
140,CZCE.LR207
141,CZCE.FG205
142,CZCE.SM308
143,CZCE.PF203
144,CZCE.FG209
145,CZCE.CY301
146,CZCE.RI309
147,CZCE.AP201
148,CZCE.SM011
149,CZCE.SA206
150,CZCE.CJ301
151,CZCE.SA302
152,CZCE.CF203
153,CZCE.RI301
154,CZCE.JR205
155,CZCE.RI107
156,CZCE.CF101
157,CZCE.CY204
158,CZCE.PK112
159,CZCE.SA301
160,CZCE.TA308
161,CZCE.TA206
162,CZCE.SA203
163,CZCE.WH203
164,CZCE.SA205
165,CZCE.SF203
166,CZCE.SM106
167,CZCE.CY011
168,CZCE.SF304
169,CZCE.UR308
170,CZCE.CY208
171,CZCE.LR303
172,CZCE.ZC110
173,CZCE.SF111
174,CZCE.RS211
175,CZCE.SM307
176,CZCE.JR011
177,CZCE.FG207
178,CZCE.SR111
179,CZCE.CY101
180,CZCE.ZC011
181,CZCE.SR211
182,CZCE.PK204
183,CZCE.CY203
184,CZCE.CY107
185,CZCE.PF302
186,CZCE.CF109
187,CZCE.PF206
188,CZCE.SR207
189,CZCE.LR309
190,CZCE.PF305
191,CZCE.LR011
192,CZCE.PM211
193,CZCE.SA012
194,CZCE.CF111
195,CZCE.PF106
196,CZCE.TA303
197,CZCE.CJ109
198,CZCE.PF207
199,CZCE.RI111
200,CZCE.RM101
201,CZCE.CY104
202,CZCE.CY202
203,CZCE.MA303
204,CZCE.MA011
205,CZCE.ZC201
206,CZCE.SM108
207,CZCE.RM308
208,CZCE.FG212
209,CZCE.WH011
210,CZCE.PK301
211,CZCE.WH201
212,CZCE.JR201
213,CZCE.SF207
214,CZCE.RI101
215,CZCE.TA305
216,CZCE.SM206
217,CZCE.CY201
218,CZCE.SA103
219,CZCE.SA308
220,CZCE.RS208
221,CZCE.RI203
222,CZCE.UR103
223,CZCE.PF112
224,CZCE.CF103
225,CZCE.SM207
226,CZCE.JR303
227,CZCE.UR107
228,CZCE.LR107
229,CZCE.CJ207
230,CZCE.SA108
231,CZCE.LR205
232,CZCE.AP210
233,CZCE.RI211
234,CZCE.TA208
235,CZCE.PM209
236,CZCE.FG309
237,CZCE.SA104
238,CZCE.CY302
239,CZCE.SR209
240,CZCE.UR106
241,CZCE.AP101
242,CZCE.SA112
243,CZCE.SA105
244,CZCE.CY211
245,CZCE.CF211
246,CZCE.FG201
247,CZCE.OI211
248,CZCE.SR107
249,CZCE.MA103
250,CZCE.OI205
251,CZCE.AP103
252,CZCE.SM208
253,CZCE.RM107
254,CZCE.ZC104
255,CZCE.MA302
256,CZCE.FG010
257,CZCE.PF111
258,CZCE.CF309
259,CZCE.SM109
260,CZCE.TA205
261,CZCE.MA202
262,CZCE.PK201
263,CZCE.FG107
264,CZCE.OI201
265,CZCE.ZC208
266,CZCE.SA111
267,CZCE.AP204
268,CZCE.FG303
269,CZCE.RI307
270,CZCE.TA110
271,CZCE.SA204
272,CZCE.TA202
273,CZCE.PF105
274,CZCE.UR203
275,CZCE.SM101
276,CZCE.RS207
277,CZCE.SA305
278,CZCE.RI201
279,CZCE.TA204
280,CZCE.OI011
281,CZCE.FG306
282,CZCE.SR307
283,CZCE.WH109
284,CZCE.PM201
285,CZCE.SR109
286,CZCE.MA210
287,CZCE.CJ203
288,CZCE.SA110
289,CZCE.PM301
290,CZCE.CF011
291,CZCE.RS111
292,CZCE.RI303
293,CZCE.FG301
294,CZCE.SF201
295,CZCE.MA112
296,CZCE.TA109
297,CZCE.PF109
298,CZCE.UR307
299,CZCE.SM309
300,CZCE.ZC307
301,CZCE.SM301
302,CZCE.SM202
303,CZCE.RM105
304,CZCE.MA204
305,CZCE.RS307
306,CZCE.CJ212
307,CZCE.CY111
308,CZCE.SR309
309,CZCE.UR208
310,CZCE.MA306
311,CZCE.UR202
312,CZCE.LR209
313,CZCE.FG108
314,CZCE.WH309
315,CZCE.TA104
316,CZCE.PF108
317,CZCE.SR101
318,CZCE.UR105
319,CZCE.CY308
320,CZCE.SM012
321,CZCE.CY206
322,CZCE.CY303
323,CZCE.SF308
324,CZCE.TA107
325,CZCE.CF207
326,CZCE.SA303
327,CZCE.PM303
328,CZCE.SF302
329,CZCE.SA306
330,CZCE.SF011
331,CZCE.SM105
332,CZCE.RM309
333,CZCE.FG104
334,CZCE.CJ103
335,CZCE.ZC010
336,CZCE.PK111
337,CZCE.TA203
338,CZCE.TA209
339,CZCE.CF209
340,CZCE.UR305
341,CZCE.JR101
342,CZCE.FG204
343,CZCE.RM303
344,CZCE.OI207
345,CZCE.CY110
346,CZCE.ZC204
347,CZCE.AP211
348,CZCE.UR211
349,CZCE.LR111
350,CZCE.JR209
351,CZCE.RS209
352,CZCE.FG102
353,CZCE.MA309
354,CZCE.FG011
355,CZCE.FG109
356,CZCE.RM209
357,CZCE.TA301
358,CZCE.ZC107
359,CZCE.CF201
360,CZCE.PF210
361,CZCE.AP111
362,CZCE.PF208
363,CZCE.ZC212
364,CZCE.PF209
365,CZCE.CY109
366,CZCE.MA111
367,CZCE.RM208
368,CZCE.UR306
369,CZCE.UR206
370,CZCE.RI205
371,CZCE.TA105
372,CZCE.SF211
373,CZCE.WH305
374,CZCE.SF110
375,CZCE.SF103
376,CZCE.AP105
377,CZCE.FG308
378,CZCE.CJ105
379,CZCE.LR211
380,CZCE.AP212
381,CZCE.ZC203
382,CZCE.PF204
383,CZCE.CY012
384,CZCE.UR011
385,CZCE.SA210
386,CZCE.PM305
387,CZCE.AP305
388,CZCE.SF307
389,CZCE.SF012
390,CZCE.ZC103
391,CZCE.CY205
392,CZCE.AP205
393,CZCE.TA010
394,CZCE.RM108
395,CZCE.ZC308
396,CZCE.SF204
397,CZCE.UR201
398,CZCE.MA201
399,CZCE.CJ303
400,CZCE.ZC106
401,CZCE.CJ101
402,CZCE.LR109
403,CZCE.SR011
404,CZCE.JR103
405,CZCE.CY102
406,CZCE.PM105
407,CZCE.SF206
408,CZCE.RS108
409,CZCE.ZC101
410,CZCE.PM101
411,CZCE.CF307
412,CZCE.TA304
413,CZCE.SM102
414,CZCE.ZC306
415,CZCE.SM304
416,CZCE.OI111
417,CZCE.AP112
418,CZCE.MA207
419,CZCE.LR105
420,CZCE.JR107
421,CZCE.WH209
422,CZCE.SM211
423,CZCE.SR105
424,CZCE.PM307
425,CZCE.SA109
426,CZCE.SM111
427,CZCE.FG203
428,CZCE.LR103
429,CZCE.LR305
430,CZCE.AP304
431,CZCE.LR201
432,CZCE.SM112
433,CZCE.FG111
434,CZCE.PF202
435,CZCE.TA212
436,CZCE.JR309
437,CZCE.WH103
438,CZCE.UR302
439,CZCE.SF010
440,CZCE.OI203
441,CZCE.SA211
442,CZCE.MA106
443,CZCE.RI305
444,CZCE.UR109
445,CZCE.ZC301
446,CZCE.WH301
447,CZCE.TA207
448,CZCE.SA309
449,CZCE.AP012
450,CZCE.FG211
451,CZCE.SR305
452,CZCE.SF104
453,CZCE.SF108
454,CZCE.TA106
455,CZCE.CY306
456,CZCE.SA208
457,CZCE.ZC112
458,CZCE.SR203
459,CZCE.ZC202
460,CZCE.CF205
461,CZCE.FG302
462,CZCE.SF208
463,CZCE.WH303
464,CZCE.SA010
465,CZCE.ZC108
466,CZCE.SM303
467,CZCE.TA112
468,CZCE.TA201
469,CZCE.SA207
470,CZCE.MA101
471,CZCE.MA107
472,CZCE.JR207
473,CZCE.RS308
474,CZCE.SM203
475,CZCE.CJ112
476,CZCE.PM205
477,CZCE.WH211
478,CZCE.UR010
479,CZCE.TA307
480,CZCE.UR304
481,CZCE.SA212
482,CZCE.PF304
483,CZCE.SM110
484,CZCE.CY209
485,CZCE.FG208
486,CZCE.SR303
487,CZCE.JR307
488,CZCE.RI105
489,CZCE.UR012
490,CZCE.UR303
491,CZCE.TA302
492,CZCE.MA109
493,CZCE.FG012
494,CZCE.SA011
495,CZCE.CY112
496,CZCE.CY309
497,CZCE.RM201
498,CZCE.OI301
499,CZCE.SR201
500,CZCE.CY103
501,CZCE.RM207
502,CZCE.PF211
503,CZCE.TA111
504,CZCE.JR111
505,CZCE.PF205
506,CZCE.UR111
507,CZCE.UR212
508,CZCE.PM103
509,CZCE.SF112
510,CZCE.PK211
511,CZCE.CF105
512,CZCE.MA209
513,CZCE.MA105
514,CZCE.SF102
515,CZCE.RM103
516,CZCE.MA307
517,CZCE.SA106
518,CZCE.SR205
519,CZCE.SM302
520,CZCE.LR101
521,CZCE.RS309
522,CZCE.SF101
523,CZCE.PK210
524,CZCE.ZC012
525,CZCE.SA209
526,CZCE.SA304
527,CZCE.CF303
528,CZCE.PF306
529,CZCE.AP010
530,CZCE.RI207
531,CZCE.FG304
532,CZCE.OI305
533,CZCE.UR101
534,CZCE.OI209
535,CZCE.ZC211
536,CZCE.CJ305
537,CZCE.RM301
538,CZCE.ZC209
539,CZCE.UR102
540,CZCE.UR104
541,CZCE.UR309
542,CZCE.ZC309
543,CZCE.UR209
544,CZCE.TA108
545,CZCE.RI109
546,CZCE.OI105
547,CZCE.JR203
548,CZCE.JR109
549,CZCE.SM107
550,CZCE.FG110
551,CZCE.LR301
552,CZCE.MA206
553,CZCE.PF301
554,CZCE.OI307
555,CZCE.PF201
556,CZCE.MA208
557,CZCE.RM011
558,CZCE.PM109
559,CZCE.LR307
560,CZCE.WH307
561,CZCE.TA211
562,CZCE.TA309
563,CZCE.PK303
564,CZCE.OI101
565,CZCE.ZC210
566,CZCE.CY105
567,CZCE.FG210
568,CZCE.FG101
569,CZCE.SM103
570,CZCE.RS109
571,CZCE.RS107
572,CZCE.SF205
573,CZCE.FG307
574,CZCE.SM010
575,CZCE.CY304
576,CZCE.PM107
577,CZCE.PF107
578,CZCE.WH207
579,CZCE.RI011
